INSERT INTO users VALUES (1, 'Dannie', 63);
INSERT INTO users VALUES (2, 'Pasquale', 48);
INSERT INTO users VALUES (3, 'Uriel', 8);
INSERT INTO users VALUES (4, 'Pearce', 2);
INSERT INTO users VALUES (5, 'Gael', 50);
INSERT INTO users VALUES (6, 'Anselm', 91);
INSERT INTO users VALUES (7, 'Dex', 87);
INSERT INTO users VALUES (8, 'Philbert', 96);
INSERT INTO users VALUES (9, 'Antoine', 17);
INSERT INTO users VALUES (10, 'Dorian', 97);
INSERT INTO users VALUES (11, 'Bruce', 75);
INSERT INTO users VALUES (12, 'Ethelred', 63);
INSERT INTO users VALUES (13, 'Orrin', 89);
INSERT INTO users VALUES (14, 'Baryram', 3);
INSERT INTO users VALUES (15, 'Rochester', 44);
INSERT INTO users VALUES (16, 'Ebeneser', 70);
INSERT INTO users VALUES (17, 'Jeramey', 67);
INSERT INTO users VALUES (18, 'Jed', 20);
INSERT INTO users VALUES (19, 'Thadeus', 67);
INSERT INTO users VALUES (20, 'Nathaniel', 46);

INSERT INTO projects (id, title, category, funding_goal, start_date, end_date) VALUES (1, 'Zoolab', 'Parkway, Inc.', 365976, '1/5/2020', '1/18/2021');
INSERT INTO projects (id, title, category, funding_goal, start_date, end_date) VALUES (2, 'Konklux', 'Dynegy Inc.', 364250, '6/18/2019', '8/24/2020');
INSERT INTO projects (id, title, category, funding_goal, start_date, end_date) VALUES (3, 'Cardify', 'Builders FirstSource, Inc.', 960935, '11/17/2019', '6/1/2020');
INSERT INTO projects (id, title, category, funding_goal, start_date, end_date) VALUES (4, 'Span', 'Innophos Holdings, Inc.', 155221, '11/22/2019', '10/6/2020');
INSERT INTO projects (id, title, category, funding_goal, start_date, end_date) VALUES (5, 'Tresom', 'Entergy Louisiana, Inc.', 153377, '3/20/2019', '10/19/2020');
INSERT INTO projects (id, title, category, funding_goal, start_date, end_date) VALUES (6, 'Fintone', 'Cimpress N.V', 109158, '4/16/2019', '8/30/2020');
INSERT INTO projects (id, title, category, funding_goal, start_date, end_date) VALUES (7, 'Treeflex', 'Green Brick Partners, Inc.', 216501, '3/26/2019', '8/6/2020');
INSERT INTO projects (id, title, category, funding_goal, start_date, end_date) VALUES (8, 'Wrapsafe', 'Centennial Resource Development, Inc.', 160659, '9/12/2019', '7/31/2020');
INSERT INTO projects (id, title, category, funding_goal, start_date, end_date) VALUES (9, 'Mat Lam Tam', 'Global X NASDAQ China Technology ETF', 902612, '7/27/2019', '2/1/2021');
INSERT INTO projects (id, title, category, funding_goal, start_date, end_date) VALUES (10, 'Greenlam', 'Greene County Bancorp, Inc.', 431219, '6/1/2019', '1/8/2021');

INSERT INTO pledges (id, amount, user_id, project_id) VALUES (1, 3278, 11, 10);
INSERT INTO pledges (id, amount, user_id, project_id) VALUES (2, 6905, 12, 3);
INSERT INTO pledges (id, amount, user_id, project_id) VALUES (3, 4908, 14, 5);
INSERT INTO pledges (id, amount, user_id, project_id) VALUES (4, 4778, 10, 3);
INSERT INTO pledges (id, amount, user_id, project_id) VALUES (5, 4993, 6, 6);
INSERT INTO pledges (id, amount, user_id, project_id) VALUES (6, 7084, 1, 10);
INSERT INTO pledges (id, amount, user_id, project_id) VALUES (7, 6284, 18, 2);
INSERT INTO pledges (id, amount, user_id, project_id) VALUES (8, 7954, 20, 4);
INSERT INTO pledges (id, amount, user_id, project_id) VALUES (9, 4002, 3, 4);
INSERT INTO pledges (id, amount, user_id, project_id) VALUES (10, 4493, 18, 9);
INSERT INTO pledges (id, amount, user_id, project_id) VALUES (11, 7240, 14, 1);
INSERT INTO pledges (id, amount, user_id, project_id) VALUES (12, 5772, 11, 5);
INSERT INTO pledges (id, amount, user_id, project_id) VALUES (13, 5225, 1, 2);
INSERT INTO pledges (id, amount, user_id, project_id) VALUES (14, 6407, 12, 3);
INSERT INTO pledges (id, amount, user_id, project_id) VALUES (15, 5676, 8, 7);
INSERT INTO pledges (id, amount, user_id, project_id) VALUES (16, 7419, 17, 9);
INSERT INTO pledges (id, amount, user_id, project_id) VALUES (17, 1393, 14, 5);
INSERT INTO pledges (id, amount, user_id, project_id) VALUES (18, 5286, 2, 2);
INSERT INTO pledges (id, amount, user_id, project_id) VALUES (19, 5286, 14, 2);
INSERT INTO pledges (id, amount, user_id, project_id) VALUES (20, 3883, 12, 8);
INSERT INTO pledges (id, amount, user_id, project_id) VALUES (21, 6575, 6, 5);
INSERT INTO pledges (id, amount, user_id, project_id) VALUES (22, 4205, 4, 7);
INSERT INTO pledges (id, amount, user_id, project_id) VALUES (23, 2974, 13, 8);
INSERT INTO pledges (id, amount, user_id, project_id) VALUES (24, 7848, 15, 3);
INSERT INTO pledges (id, amount, user_id, project_id) VALUES (25, 9712, 4, 4);
INSERT INTO pledges (id, amount, user_id, project_id) VALUES (26, 1215, 17, 4);
INSERT INTO pledges (id, amount, user_id, project_id) VALUES (27, 9580, 12, 1);
INSERT INTO pledges (id, amount, user_id, project_id) VALUES (28, 4400, 7, 2);
INSERT INTO pledges (id, amount, user_id, project_id) VALUES (29, 8171, 4, 6);
INSERT INTO pledges (id, amount, user_id, project_id) VALUES (30, 9209, 18, 6);
